,x0,y0,x1,y1,x2,y2,x3,y3,x4,y4,x5,y5,x6,y6,x7,y7,x8,y8,x9,y9,x10,y10,x11,y11,x12,y12,x13,y13,x14,y14,x15,y15,x16,y16,x17,y17
0,213.0,74.0,212.0,103.0,189.0,104.0,165.0,129.0,147.0,156.0,234.0,105.0,255.0,128.0,274.0,157.0,197.0,145.0,174.0,145.0,176.0,200.0,225.0,147.0,250.0,147.0,243.0,202.0,209.0,71.0,218.0,72.0,202.0,79.0,224.0,82.0
1,213.0,72.0,212.0,100.0,189.0,100.0,164.0,126.0,146.0,154.0,234.0,100.0,254.0,124.0,274.0,152.0,198.0,139.0,171.0,144.0,176.0,199.0,227.0,142.0,248.0,145.0,243.0,202.0,209.0,68.0,219.0,69.0,202.0,75.0,225.0,78.0
2,213.0,69.0,212.0,97.0,189.0,97.0,165.0,120.0,147.0,148.0,234.0,98.0,255.0,121.0,274.0,149.0,198.0,133.0,172.0,144.0,175.0,200.0,226.0,137.0,249.0,143.0,243.0,202.0,209.0,66.0,219.0,67.0,202.0,73.0,225.0,77.0
3,213.0,66.0,212.0,94.0,189.0,94.0,164.0,117.0,147.0,146.0,234.0,95.0,255.0,117.0,274.0,144.0,195.0,128.0,171.0,145.0,175.0,200.0,226.0,131.0,249.0,144.0,243.0,201.0,209.0,63.0,218.0,64.0,202.0,71.0,224.0,74.0
4,213.0,65.0,212.0,91.0,190.0,90.0,166.0,113.0,147.0,142.0,233.0,92.0,255.0,113.0,274.0,142.0,196.0,125.0,170.0,148.0,176.0,201.0,226.0,129.0,250.0,146.0,243.0,202.0,209.0,61.0,218.0,62.0,203.0,68.0,224.0,71.0
5,213.0,65.0,212.0,90.0,190.0,89.0,164.0,113.0,148.0,141.0,234.0,91.0,256.0,112.0,273.0,141.0,197.0,128.0,172.0,143.0,177.0,203.0,227.0,131.0,250.0,147.0,243.0,204.0,209.0,61.0,218.0,62.0,203.0,68.0,224.0,70.0
6,213.0,65.0,212.0,90.0,191.0,90.0,165.0,112.0,149.0,139.0,233.0,91.0,255.0,112.0,272.0,140.0,197.0,127.0,173.0,146.0,178.0,204.0,225.0,129.0,247.0,146.0,242.0,206.0,209.0,62.0,218.0,62.0,203.0,68.0,224.0,70.0
7,213.0,65.0,212.0,90.0,191.0,90.0,167.0,110.0,151.0,136.0,232.0,90.0,255.0,111.0,272.0,140.0,196.0,128.0,174.0,154.0,179.0,207.0,224.0,128.0,247.0,151.0,242.0,210.0,209.0,61.0,217.0,62.0,203.0,67.0,223.0,69.0
8,212.0,63.0,212.0,88.0,191.0,88.0,168.0,108.0,152.0,133.0,232.0,88.0,254.0,109.0,271.0,138.0,196.0,131.0,174.0,159.0,180.0,210.0,223.0,131.0,245.0,160.0,241.0,213.0,208.0,59.0,216.0,60.0,202.0,66.0,223.0,67.0
9,213.0,59.0,212.0,86.0,191.0,86.0,169.0,106.0,154.0,130.0,232.0,86.0,252.0,106.0,268.0,134.0,196.0,133.0,173.0,163.0,180.0,213.0,223.0,133.0,245.0,164.0,239.0,214.0,209.0,56.0,217.0,57.0,203.0,62.0,223.0,64.0
10,213.0,56.0,212.0,82.0,192.0,82.0,169.0,102.0,154.0,127.0,231.0,82.0,251.0,101.0,267.0,129.0,197.0,134.0,173.0,166.0,180.0,215.0,223.0,133.0,244.0,165.0,238.0,215.0,209.0,53.0,217.0,53.0,203.0,59.0,223.0,60.0
11,213.0,51.0,212.0,77.0,192.0,77.0,170.0,98.0,154.0,122.0,231.0,76.0,251.0,98.0,267.0,126.0,198.0,133.0,173.0,167.0,181.0,216.0,223.0,132.0,243.0,167.0,237.0,217.0,210.0,48.0,216.0,49.0,203.0,54.0,222.0,56.0
12,213.0,46.0,212.0,73.0,191.0,72.0,170.0,93.0,155.0,117.0,231.0,74.0,252.0,94.0,267.0,119.0,198.0,129.0,179.0,167.0,180.0,216.0,224.0,129.0,238.0,169.0,237.0,217.0,209.0,43.0,217.0,44.0,203.0,50.0,222.0,51.0
13,212.0,44.0,211.0,70.0,191.0,69.0,171.0,89.0,155.0,111.0,232.0,71.0,253.0,90.0,266.0,115.0,198.0,125.0,185.0,167.0,180.0,214.0,224.0,125.0,234.0,167.0,236.0,216.0,209.0,41.0,216.0,42.0,203.0,47.0,222.0,49.0
14,212.0,45.0,212.0,70.0,192.0,69.0,172.0,85.0,155.0,106.0,231.0,70.0,250.0,85.0,265.0,109.0,199.0,122.0,189.0,167.0,180.0,214.0,224.0,123.0,229.0,170.0,235.0,214.0,209.0,43.0,216.0,43.0,203.0,47.0,222.0,50.0
15,211.0,50.0,211.0,72.0,191.0,71.0,171.0,86.0,155.0,102.0,229.0,73.0,249.0,86.0,265.0,103.0,198.0,122.0,189.0,167.0,178.0,213.0,223.0,123.0,230.0,168.0,236.0,214.0,208.0,47.0,215.0,47.0,203.0,52.0,220.0,53.0
16,211.0,55.0,210.0,76.0,191.0,75.0,171.0,87.0,154.0,97.0,228.0,77.0,247.0,87.0,263.0,98.0,198.0,125.0,185.0,167.0,178.0,213.0,222.0,125.0,232.0,167.0,235.0,214.0,208.0,52.0,214.0,53.0,203.0,56.0,220.0,58.0
17,211.0,61.0,209.0,82.0,191.0,82.0,170.0,89.0,154.0,97.0,227.0,83.0,246.0,90.0,261.0,97.0,198.0,133.0,181.0,169.0,178.0,213.0,222.0,133.0,235.0,168.0,236.0,214.0,208.0,58.0,214.0,59.0,202.0,62.0,219.0,64.0
18,211.0,70.0,210.0,89.0,191.0,89.0,171.0,93.0,156.0,96.0,227.0,89.0,246.0,93.0,260.0,96.0,197.0,141.0,178.0,173.0,178.0,212.0,221.0,141.0,239.0,174.0,236.0,214.0,207.0,67.0,214.0,67.0,201.0,71.0,219.0,72.0
19,209.0,80.0,209.0,100.0,190.0,100.0,164.0,101.0,151.0,98.0,227.0,98.0,250.0,102.0,263.0,99.0,197.0,152.0,174.0,178.0,178.0,213.0,221.0,152.0,241.0,179.0,239.0,217.0,206.0,77.0,212.0,77.0,201.0,82.0,217.0,81.0
20,0.0,0.0,0.0,0.0,0.0,0.0,0.0,0.0,0.0,0.0,0.0,0.0,0.0,0.0,0.0,0.0,0.0,0.0,0.0,0.0,0.0,0.0,0.0,0.0,0.0,0.0,0.0,0.0,0.0,0.0,0.0,0.0,0.0,0.0,0.0,0.0
21,0.0,0.0,0.0,0.0,0.0,0.0,0.0,0.0,0.0,0.0,0.0,0.0,0.0,0.0,0.0,0.0,0.0,0.0,0.0,0.0,0.0,0.0,0.0,0.0,0.0,0.0,0.0,0.0,0.0,0.0,0.0,0.0,0.0,0.0,0.0,0.0
22,0.0,0.0,0.0,0.0,0.0,0.0,0.0,0.0,0.0,0.0,0.0,0.0,0.0,0.0,0.0,0.0,0.0,0.0,0.0,0.0,0.0,0.0,0.0,0.0,0.0,0.0,0.0,0.0,0.0,0.0,0.0,0.0,0.0,0.0,0.0,0.0
23,0.0,0.0,0.0,0.0,0.0,0.0,0.0,0.0,0.0,0.0,0.0,0.0,0.0,0.0,0.0,0.0,0.0,0.0,0.0,0.0,0.0,0.0,0.0,0.0,0.0,0.0,0.0,0.0,0.0,0.0,0.0,0.0,0.0,0.0,0.0,0.0
24,0.0,0.0,0.0,0.0,0.0,0.0,0.0,0.0,0.0,0.0,0.0,0.0,0.0,0.0,0.0,0.0,0.0,0.0,0.0,0.0,0.0,0.0,0.0,0.0,0.0,0.0,0.0,0.0,0.0,0.0,0.0,0.0,0.0,0.0,0.0,0.0
25,0.0,0.0,0.0,0.0,0.0,0.0,0.0,0.0,0.0,0.0,0.0,0.0,0.0,0.0,0.0,0.0,0.0,0.0,0.0,0.0,0.0,0.0,0.0,0.0,0.0,0.0,0.0,0.0,0.0,0.0,0.0,0.0,0.0,0.0,0.0,0.0
26,0.0,0.0,0.0,0.0,0.0,0.0,0.0,0.0,0.0,0.0,0.0,0.0,0.0,0.0,0.0,0.0,0.0,0.0,0.0,0.0,0.0,0.0,0.0,0.0,0.0,0.0,0.0,0.0,0.0,0.0,0.0,0.0,0.0,0.0,0.0,0.0
27,0.0,0.0,0.0,0.0,0.0,0.0,0.0,0.0,0.0,0.0,0.0,0.0,0.0,0.0,0.0,0.0,0.0,0.0,0.0,0.0,0.0,0.0,0.0,0.0,0.0,0.0,0.0,0.0,0.0,0.0,0.0,0.0,0.0,0.0,0.0,0.0
28,0.0,0.0,0.0,0.0,0.0,0.0,0.0,0.0,0.0,0.0,0.0,0.0,0.0,0.0,0.0,0.0,0.0,0.0,0.0,0.0,0.0,0.0,0.0,0.0,0.0,0.0,0.0,0.0,0.0,0.0,0.0,0.0,0.0,0.0,0.0,0.0
29,0.0,0.0,0.0,0.0,0.0,0.0,0.0,0.0,0.0,0.0,0.0,0.0,0.0,0.0,0.0,0.0,0.0,0.0,0.0,0.0,0.0,0.0,0.0,0.0,0.0,0.0,0.0,0.0,0.0,0.0,0.0,0.0,0.0,0.0,0.0,0.0
30,0.0,0.0,0.0,0.0,0.0,0.0,0.0,0.0,0.0,0.0,0.0,0.0,0.0,0.0,0.0,0.0,0.0,0.0,0.0,0.0,0.0,0.0,0.0,0.0,0.0,0.0,0.0,0.0,0.0,0.0,0.0,0.0,0.0,0.0,0.0,0.0
31,0.0,0.0,0.0,0.0,0.0,0.0,0.0,0.0,0.0,0.0,0.0,0.0,0.0,0.0,0.0,0.0,0.0,0.0,0.0,0.0,0.0,0.0,0.0,0.0,0.0,0.0,0.0,0.0,0.0,0.0,0.0,0.0,0.0,0.0,0.0,0.0
32,0.0,0.0,0.0,0.0,0.0,0.0,0.0,0.0,0.0,0.0,0.0,0.0,0.0,0.0,0.0,0.0,0.0,0.0,0.0,0.0,0.0,0.0,0.0,0.0,0.0,0.0,0.0,0.0,0.0,0.0,0.0,0.0,0.0,0.0,0.0,0.0
33,0.0,0.0,0.0,0.0,0.0,0.0,0.0,0.0,0.0,0.0,0.0,0.0,0.0,0.0,0.0,0.0,0.0,0.0,0.0,0.0,0.0,0.0,0.0,0.0,0.0,0.0,0.0,0.0,0.0,0.0,0.0,0.0,0.0,0.0,0.0,0.0
34,0.0,0.0,0.0,0.0,0.0,0.0,0.0,0.0,0.0,0.0,0.0,0.0,0.0,0.0,0.0,0.0,0.0,0.0,0.0,0.0,0.0,0.0,0.0,0.0,0.0,0.0,0.0,0.0,0.0,0.0,0.0,0.0,0.0,0.0,0.0,0.0
35,0.0,0.0,0.0,0.0,0.0,0.0,0.0,0.0,0.0,0.0,0.0,0.0,0.0,0.0,0.0,0.0,0.0,0.0,0.0,0.0,0.0,0.0,0.0,0.0,0.0,0.0,0.0,0.0,0.0,0.0,0.0,0.0,0.0,0.0,0.0,0.0
36,0.0,0.0,0.0,0.0,0.0,0.0,0.0,0.0,0.0,0.0,0.0,0.0,0.0,0.0,0.0,0.0,0.0,0.0,0.0,0.0,0.0,0.0,0.0,0.0,0.0,0.0,0.0,0.0,0.0,0.0,0.0,0.0,0.0,0.0,0.0,0.0
37,0.0,0.0,0.0,0.0,0.0,0.0,0.0,0.0,0.0,0.0,0.0,0.0,0.0,0.0,0.0,0.0,0.0,0.0,0.0,0.0,0.0,0.0,0.0,0.0,0.0,0.0,0.0,0.0,0.0,0.0,0.0,0.0,0.0,0.0,0.0,0.0
38,0.0,0.0,0.0,0.0,0.0,0.0,0.0,0.0,0.0,0.0,0.0,0.0,0.0,0.0,0.0,0.0,0.0,0.0,0.0,0.0,0.0,0.0,0.0,0.0,0.0,0.0,0.0,0.0,0.0,0.0,0.0,0.0,0.0,0.0,0.0,0.0
39,0.0,0.0,0.0,0.0,0.0,0.0,0.0,0.0,0.0,0.0,0.0,0.0,0.0,0.0,0.0,0.0,0.0,0.0,0.0,0.0,0.0,0.0,0.0,0.0,0.0,0.0,0.0,0.0,0.0,0.0,0.0,0.0,0.0,0.0,0.0,0.0
40,0.0,0.0,0.0,0.0,0.0,0.0,0.0,0.0,0.0,0.0,0.0,0.0,0.0,0.0,0.0,0.0,0.0,0.0,0.0,0.0,0.0,0.0,0.0,0.0,0.0,0.0,0.0,0.0,0.0,0.0,0.0,0.0,0.0,0.0,0.0,0.0
41,0.0,0.0,0.0,0.0,0.0,0.0,0.0,0.0,0.0,0.0,0.0,0.0,0.0,0.0,0.0,0.0,0.0,0.0,0.0,0.0,0.0,0.0,0.0,0.0,0.0,0.0,0.0,0.0,0.0,0.0,0.0,0.0,0.0,0.0,0.0,0.0
42,0.0,0.0,0.0,0.0,0.0,0.0,0.0,0.0,0.0,0.0,0.0,0.0,0.0,0.0,0.0,0.0,0.0,0.0,0.0,0.0,0.0,0.0,0.0,0.0,0.0,0.0,0.0,0.0,0.0,0.0,0.0,0.0,0.0,0.0,0.0,0.0
43,0.0,0.0,0.0,0.0,0.0,0.0,0.0,0.0,0.0,0.0,0.0,0.0,0.0,0.0,0.0,0.0,0.0,0.0,0.0,0.0,0.0,0.0,0.0,0.0,0.0,0.0,0.0,0.0,0.0,0.0,0.0,0.0,0.0,0.0,0.0,0.0
44,0.0,0.0,0.0,0.0,0.0,0.0,0.0,0.0,0.0,0.0,0.0,0.0,0.0,0.0,0.0,0.0,0.0,0.0,0.0,0.0,0.0,0.0,0.0,0.0,0.0,0.0,0.0,0.0,0.0,0.0,0.0,0.0,0.0,0.0,0.0,0.0
45,0.0,0.0,0.0,0.0,0.0,0.0,0.0,0.0,0.0,0.0,0.0,0.0,0.0,0.0,0.0,0.0,0.0,0.0,0.0,0.0,0.0,0.0,0.0,0.0,0.0,0.0,0.0,0.0,0.0,0.0,0.0,0.0,0.0,0.0,0.0,0.0
46,0.0,0.0,0.0,0.0,0.0,0.0,0.0,0.0,0.0,0.0,0.0,0.0,0.0,0.0,0.0,0.0,0.0,0.0,0.0,0.0,0.0,0.0,0.0,0.0,0.0,0.0,0.0,0.0,0.0,0.0,0.0,0.0,0.0,0.0,0.0,0.0
47,0.0,0.0,0.0,0.0,0.0,0.0,0.0,0.0,0.0,0.0,0.0,0.0,0.0,0.0,0.0,0.0,0.0,0.0,0.0,0.0,0.0,0.0,0.0,0.0,0.0,0.0,0.0,0.0,0.0,0.0,0.0,0.0,0.0,0.0,0.0,0.0
48,0.0,0.0,0.0,0.0,0.0,0.0,0.0,0.0,0.0,0.0,0.0,0.0,0.0,0.0,0.0,0.0,0.0,0.0,0.0,0.0,0.0,0.0,0.0,0.0,0.0,0.0,0.0,0.0,0.0,0.0,0.0,0.0,0.0,0.0,0.0,0.0
49,0.0,0.0,0.0,0.0,0.0,0.0,0.0,0.0,0.0,0.0,0.0,0.0,0.0,0.0,0.0,0.0,0.0,0.0,0.0,0.0,0.0,0.0,0.0,0.0,0.0,0.0,0.0,0.0,0.0,0.0,0.0,0.0,0.0,0.0,0.0,0.0
50,0.0,0.0,0.0,0.0,0.0,0.0,0.0,0.0,0.0,0.0,0.0,0.0,0.0,0.0,0.0,0.0,0.0,0.0,0.0,0.0,0.0,0.0,0.0,0.0,0.0,0.0,0.0,0.0,0.0,0.0,0.0,0.0,0.0,0.0,0.0,0.0
51,0.0,0.0,0.0,0.0,0.0,0.0,0.0,0.0,0.0,0.0,0.0,0.0,0.0,0.0,0.0,0.0,0.0,0.0,0.0,0.0,0.0,0.0,0.0,0.0,0.0,0.0,0.0,0.0,0.0,0.0,0.0,0.0,0.0,0.0,0.0,0.0
52,0.0,0.0,0.0,0.0,0.0,0.0,0.0,0.0,0.0,0.0,0.0,0.0,0.0,0.0,0.0,0.0,0.0,0.0,0.0,0.0,0.0,0.0,0.0,0.0,0.0,0.0,0.0,0.0,0.0,0.0,0.0,0.0,0.0,0.0,0.0,0.0
53,0.0,0.0,0.0,0.0,0.0,0.0,0.0,0.0,0.0,0.0,0.0,0.0,0.0,0.0,0.0,0.0,0.0,0.0,0.0,0.0,0.0,0.0,0.0,0.0,0.0,0.0,0.0,0.0,0.0,0.0,0.0,0.0,0.0,0.0,0.0,0.0
54,0.0,0.0,0.0,0.0,0.0,0.0,0.0,0.0,0.0,0.0,0.0,0.0,0.0,0.0,0.0,0.0,0.0,0.0,0.0,0.0,0.0,0.0,0.0,0.0,0.0,0.0,0.0,0.0,0.0,0.0,0.0,0.0,0.0,0.0,0.0,0.0
55,0.0,0.0,0.0,0.0,0.0,0.0,0.0,0.0,0.0,0.0,0.0,0.0,0.0,0.0,0.0,0.0,0.0,0.0,0.0,0.0,0.0,0.0,0.0,0.0,0.0,0.0,0.0,0.0,0.0,0.0,0.0,0.0,0.0,0.0,0.0,0.0
56,0.0,0.0,0.0,0.0,0.0,0.0,0.0,0.0,0.0,0.0,0.0,0.0,0.0,0.0,0.0,0.0,0.0,0.0,0.0,0.0,0.0,0.0,0.0,0.0,0.0,0.0,0.0,0.0,0.0,0.0,0.0,0.0,0.0,0.0,0.0,0.0
57,0.0,0.0,0.0,0.0,0.0,0.0,0.0,0.0,0.0,0.0,0.0,0.0,0.0,0.0,0.0,0.0,0.0,0.0,0.0,0.0,0.0,0.0,0.0,0.0,0.0,0.0,0.0,0.0,0.0,0.0,0.0,0.0,0.0,0.0,0.0,0.0
58,0.0,0.0,0.0,0.0,0.0,0.0,0.0,0.0,0.0,0.0,0.0,0.0,0.0,0.0,0.0,0.0,0.0,0.0,0.0,0.0,0.0,0.0,0.0,0.0,0.0,0.0,0.0,0.0,0.0,0.0,0.0,0.0,0.0,0.0,0.0,0.0
59,0.0,0.0,0.0,0.0,0.0,0.0,0.0,0.0,0.0,0.0,0.0,0.0,0.0,0.0,0.0,0.0,0.0,0.0,0.0,0.0,0.0,0.0,0.0,0.0,0.0,0.0,0.0,0.0,0.0,0.0,0.0,0.0,0.0,0.0,0.0,0.0
60,0.0,0.0,0.0,0.0,0.0,0.0,0.0,0.0,0.0,0.0,0.0,0.0,0.0,0.0,0.0,0.0,0.0,0.0,0.0,0.0,0.0,0.0,0.0,0.0,0.0,0.0,0.0,0.0,0.0,0.0,0.0,0.0,0.0,0.0,0.0,0.0
61,0.0,0.0,0.0,0.0,0.0,0.0,0.0,0.0,0.0,0.0,0.0,0.0,0.0,0.0,0.0,0.0,0.0,0.0,0.0,0.0,0.0,0.0,0.0,0.0,0.0,0.0,0.0,0.0,0.0,0.0,0.0,0.0,0.0,0.0,0.0,0.0
62,0.0,0.0,0.0,0.0,0.0,0.0,0.0,0.0,0.0,0.0,0.0,0.0,0.0,0.0,0.0,0.0,0.0,0.0,0.0,0.0,0.0,0.0,0.0,0.0,0.0,0.0,0.0,0.0,0.0,0.0,0.0,0.0,0.0,0.0,0.0,0.0
63,201.0,124.0,202.0,129.0,187.0,128.0,169.0,118.0,153.0,103.0,217.0,128.0,234.0,115.0,254.0,99.0,194.0,170.0,174.0,177.0,174.0,210.0,214.0,170.0,233.0,176.0,235.0,213.0,198.0,121.0,204.0,120.0,193.0,121.0,208.0,120.0
64,201.0,123.0,202.0,127.0,187.0,126.0,169.0,116.0,152.0,101.0,217.0,127.0,235.0,113.0,253.0,98.0,193.0,167.0,174.0,177.0,175.0,210.0,214.0,168.0,233.0,176.0,235.0,213.0,197.0,120.0,204.0,119.0,192.0,119.0,208.0,119.0
65,201.0,121.0,202.0,125.0,187.0,125.0,168.0,114.0,153.0,100.0,217.0,124.0,235.0,111.0,253.0,95.0,194.0,165.0,175.0,177.0,176.0,209.0,215.0,165.0,233.0,178.0,234.0,212.0,197.0,118.0,204.0,117.0,192.0,117.0,209.0,116.0
66,201.0,119.0,202.0,123.0,187.0,123.0,168.0,112.0,152.0,98.0,217.0,122.0,234.0,110.0,253.0,93.0,194.0,164.0,175.0,177.0,176.0,209.0,215.0,163.0,233.0,178.0,234.0,212.0,198.0,115.0,204.0,114.0,192.0,115.0,208.0,114.0
67,201.0,117.0,202.0,122.0,187.0,122.0,170.0,111.0,153.0,96.0,217.0,121.0,233.0,108.0,252.0,92.0,194.0,162.0,175.0,176.0,176.0,209.0,215.0,162.0,233.0,178.0,234.0,212.0,198.0,113.0,204.0,113.0,192.0,114.0,208.0,112.0
68,201.0,115.0,202.0,120.0,186.0,120.0,171.0,109.0,153.0,94.0,217.0,119.0,233.0,107.0,250.0,91.0,195.0,161.0,176.0,176.0,176.0,209.0,216.0,160.0,233.0,177.0,234.0,212.0,197.0,112.0,204.0,111.0,192.0,112.0,208.0,110.0
69,200.0,112.0,202.0,118.0,186.0,117.0,169.0,107.0,152.0,92.0,217.0,117.0,234.0,105.0,251.0,89.0,195.0,159.0,176.0,178.0,176.0,209.0,216.0,158.0,233.0,177.0,234.0,212.0,196.0,109.0,203.0,109.0,192.0,109.0,207.0,108.0
70,199.0,110.0,202.0,116.0,186.0,115.0,170.0,106.0,152.0,91.0,216.0,114.0,233.0,103.0,251.0,87.0,195.0,158.0,176.0,177.0,176.0,208.0,217.0,157.0,233.0,177.0,234.0,212.0,195.0,107.0,202.0,106.0,191.0,107.0,207.0,106.0
71,199.0,110.0,202.0,116.0,186.0,115.0,170.0,107.0,152.0,91.0,216.0,115.0,232.0,103.0,251.0,87.0,195.0,158.0,176.0,177.0,176.0,208.0,216.0,157.0,233.0,177.0,234.0,212.0,196.0,107.0,202.0,107.0,191.0,107.0,207.0,106.0
72,198.0,107.0,202.0,114.0,186.0,113.0,168.0,104.0,152.0,88.0,216.0,112.0,231.0,101.0,251.0,84.0,195.0,157.0,176.0,176.0,176.0,209.0,216.0,155.0,233.0,178.0,234.0,212.0,194.0,103.0,201.0,103.0,190.0,106.0,207.0,103.0
73,197.0,101.0,201.0,110.0,185.0,109.0,169.0,98.0,151.0,83.0,215.0,109.0,232.0,95.0,251.0,79.0,193.0,153.0,174.0,177.0,176.0,210.0,214.0,151.0,233.0,178.0,234.0,212.0,194.0,98.0,201.0,98.0,190.0,100.0,206.0,98.0
74,0.0,0.0,0.0,0.0,0.0,0.0,0.0,0.0,0.0,0.0,0.0,0.0,0.0,0.0,0.0,0.0,0.0,0.0,0.0,0.0,0.0,0.0,0.0,0.0,0.0,0.0,0.0,0.0,0.0,0.0,0.0,0.0,0.0,0.0,0.0,0.0
75,197.0,96.0,199.0,104.0,184.0,103.0,167.0,94.0,150.0,78.0,214.0,103.0,233.0,89.0,249.0,75.0,191.0,149.0,173.0,178.0,175.0,211.0,212.0,147.0,230.0,177.0,234.0,213.0,193.0,92.0,200.0,92.0,189.0,93.0,205.0,91.0
76,196.0,94.0,197.0,102.0,182.0,102.0,166.0,91.0,150.0,76.0,212.0,101.0,231.0,88.0,251.0,72.0,190.0,149.0,173.0,178.0,175.0,211.0,211.0,147.0,227.0,178.0,234.0,214.0,193.0,90.0,200.0,90.0,189.0,92.0,203.0,90.0
77,195.0,92.0,196.0,100.0,181.0,99.0,162.0,88.0,149.0,72.0,212.0,98.0,228.0,87.0,248.0,71.0,189.0,148.0,172.0,179.0,175.0,211.0,209.0,146.0,225.0,178.0,233.0,213.0,193.0,89.0,199.0,89.0,188.0,90.0,203.0,89.0
78,194.0,90.0,196.0,98.0,181.0,97.0,163.0,86.0,149.0,70.0,211.0,97.0,226.0,86.0,245.0,70.0,188.0,145.0,172.0,179.0,175.0,213.0,208.0,144.0,223.0,176.0,230.0,212.0,192.0,88.0,198.0,87.0,186.0,88.0,203.0,87.0
79,194.0,88.0,195.0,96.0,181.0,94.0,162.0,84.0,148.0,68.0,210.0,96.0,225.0,84.0,244.0,68.0,188.0,144.0,173.0,178.0,175.0,213.0,208.0,143.0,221.0,175.0,227.0,212.0,191.0,85.0,197.0,85.0,186.0,86.0,202.0,85.0
80,193.0,87.0,195.0,94.0,181.0,93.0,162.0,84.0,147.0,66.0,211.0,93.0,226.0,82.0,245.0,65.0,187.0,143.0,173.0,179.0,174.0,213.0,207.0,142.0,219.0,174.0,223.0,212.0,190.0,83.0,196.0,83.0,185.0,85.0,202.0,82.0
81,193.0,85.0,195.0,93.0,180.0,92.0,163.0,83.0,147.0,65.0,211.0,92.0,226.0,79.0,246.0,64.0,186.0,142.0,175.0,178.0,175.0,213.0,206.0,141.0,216.0,174.0,222.0,214.0,191.0,81.0,196.0,80.0,186.0,83.0,202.0,81.0
82,194.0,84.0,195.0,92.0,181.0,92.0,165.0,82.0,147.0,64.0,211.0,91.0,227.0,77.0,246.0,62.0,187.0,141.0,176.0,177.0,175.0,213.0,207.0,140.0,214.0,175.0,221.0,213.0,191.0,80.0,197.0,80.0,186.0,82.0,202.0,80.0
83,195.0,84.0,195.0,92.0,181.0,92.0,165.0,81.0,148.0,63.0,210.0,91.0,228.0,76.0,247.0,61.0,187.0,142.0,176.0,177.0,175.0,212.0,207.0,142.0,212.0,176.0,218.0,214.0,192.0,80.0,198.0,79.0,187.0,81.0,202.0,80.0
84,195.0,84.0,195.0,92.0,181.0,92.0,166.0,81.0,148.0,63.0,211.0,91.0,228.0,77.0,247.0,62.0,187.0,142.0,176.0,178.0,175.0,213.0,207.0,142.0,212.0,176.0,219.0,216.0,192.0,80.0,198.0,79.0,188.0,82.0,203.0,80.0
85,196.0,84.0,196.0,92.0,182.0,92.0,166.0,81.0,149.0,64.0,211.0,92.0,228.0,78.0,246.0,63.0,188.0,143.0,177.0,178.0,175.0,213.0,208.0,143.0,213.0,177.0,219.0,217.0,193.0,80.0,200.0,80.0,189.0,82.0,203.0,80.0
86,0.0,0.0,0.0,0.0,0.0,0.0,0.0,0.0,0.0,0.0,0.0,0.0,0.0,0.0,0.0,0.0,0.0,0.0,0.0,0.0,0.0,0.0,0.0,0.0,0.0,0.0,0.0,0.0,0.0,0.0,0.0,0.0,0.0,0.0,0.0,0.0
87,196.0,84.0,199.0,92.0,183.0,91.0,166.0,80.0,150.0,65.0,213.0,92.0,230.0,79.0,249.0,64.0,191.0,142.0,179.0,177.0,176.0,212.0,210.0,142.0,214.0,178.0,219.0,217.0,194.0,80.0,200.0,80.0,190.0,81.0,205.0,80.0
88,196.0,84.0,200.0,92.0,184.0,91.0,166.0,80.0,150.0,65.0,214.0,92.0,230.0,80.0,250.0,64.0,191.0,142.0,180.0,177.0,177.0,211.0,210.0,142.0,214.0,178.0,220.0,216.0,194.0,80.0,200.0,80.0,190.0,81.0,205.0,80.0
89,198.0,84.0,201.0,93.0,185.0,92.0,168.0,82.0,151.0,64.0,215.0,92.0,231.0,79.0,251.0,64.0,192.0,142.0,182.0,177.0,177.0,210.0,212.0,141.0,215.0,176.0,220.0,215.0,195.0,80.0,202.0,79.0,191.0,81.0,206.0,79.0
90,200.0,83.0,202.0,93.0,186.0,92.0,169.0,82.0,152.0,64.0,217.0,91.0,233.0,77.0,252.0,64.0,194.0,142.0,183.0,177.0,178.0,211.0,214.0,142.0,217.0,176.0,221.0,216.0,197.0,79.0,203.0,79.0,192.0,81.0,208.0,79.0
91,202.0,83.0,203.0,92.0,187.0,92.0,170.0,81.0,153.0,65.0,218.0,91.0,235.0,77.0,253.0,63.0,195.0,142.0,184.0,176.0,178.0,210.0,215.0,142.0,217.0,177.0,221.0,216.0,199.0,79.0,205.0,79.0,193.0,81.0,210.0,79.0
92,203.0,82.0,203.0,92.0,188.0,91.0,171.0,81.0,154.0,66.0,219.0,91.0,235.0,77.0,254.0,62.0,196.0,141.0,183.0,175.0,179.0,210.0,216.0,141.0,218.0,177.0,221.0,216.0,200.0,79.0,206.0,79.0,194.0,80.0,211.0,79.0
93,203.0,83.0,204.0,91.0,189.0,91.0,172.0,80.0,155.0,66.0,219.0,91.0,235.0,77.0,254.0,62.0,197.0,140.0,182.0,173.0,178.0,208.0,217.0,141.0,219.0,177.0,221.0,216.0,200.0,79.0,206.0,79.0,194.0,80.0,211.0,79.0
94,204.0,83.0,205.0,91.0,190.0,91.0,173.0,80.0,156.0,66.0,220.0,90.0,237.0,76.0,255.0,61.0,197.0,140.0,181.0,173.0,177.0,207.0,217.0,141.0,219.0,177.0,221.0,216.0,201.0,79.0,207.0,79.0,195.0,80.0,212.0,79.0
95,204.0,83.0,205.0,91.0,191.0,91.0,174.0,80.0,156.0,65.0,220.0,90.0,237.0,75.0,255.0,60.0,197.0,140.0,180.0,172.0,178.0,205.0,216.0,141.0,219.0,177.0,221.0,216.0,201.0,79.0,207.0,79.0,196.0,80.0,212.0,79.0
96,204.0,82.0,206.0,91.0,192.0,90.0,174.0,79.0,157.0,64.0,221.0,90.0,237.0,75.0,255.0,60.0,197.0,139.0,181.0,171.0,175.0,206.0,217.0,140.0,220.0,176.0,221.0,216.0,201.0,79.0,207.0,78.0,196.0,80.0,213.0,79.0
97,205.0,81.0,207.0,91.0,192.0,91.0,176.0,80.0,157.0,64.0,222.0,89.0,237.0,75.0,255.0,60.0,199.0,138.0,180.0,171.0,172.0,209.0,218.0,139.0,221.0,177.0,221.0,216.0,202.0,78.0,208.0,77.0,197.0,80.0,213.0,78.0
98,204.0,80.0,206.0,91.0,192.0,90.0,176.0,80.0,158.0,64.0,221.0,89.0,237.0,75.0,255.0,60.0,199.0,138.0,181.0,172.0,170.0,211.0,218.0,139.0,221.0,176.0,221.0,216.0,202.0,77.0,208.0,77.0,197.0,79.0,213.0,77.0
99,204.0,80.0,206.0,91.0,192.0,90.0,175.0,79.0,157.0,64.0,221.0,89.0,237.0,75.0,255.0,59.0,199.0,138.0,182.0,172.0,169.0,211.0,218.0,139.0,221.0,176.0,221.0,216.0,202.0,77.0,208.0,77.0,196.0,79.0,213.0,78.0
100,204.0,81.0,205.0,91.0,191.0,91.0,174.0,79.0,157.0,64.0,221.0,89.0,237.0,75.0,255.0,59.0,199.0,139.0,182.0,173.0,170.0,211.0,218.0,140.0,221.0,177.0,221.0,216.0,201.0,78.0,207.0,78.0,195.0,80.0,212.0,78.0
101,203.0,81.0,205.0,91.0,190.0,91.0,174.0,80.0,157.0,65.0,220.0,89.0,237.0,75.0,255.0,60.0,197.0,139.0,182.0,174.0,170.0,213.0,216.0,140.0,221.0,177.0,221.0,216.0,201.0,78.0,207.0,78.0,195.0,79.0,212.0,78.0
102,203.0,81.0,204.0,91.0,189.0,91.0,172.0,79.0,156.0,66.0,219.0,90.0,236.0,75.0,254.0,60.0,196.0,139.0,183.0,174.0,171.0,212.0,216.0,139.0,220.0,176.0,221.0,216.0,200.0,78.0,206.0,78.0,194.0,79.0,212.0,78.0
103,203.0,81.0,203.0,91.0,188.0,91.0,170.0,80.0,154.0,65.0,219.0,90.0,235.0,75.0,254.0,61.0,194.0,139.0,182.0,175.0,171.0,212.0,215.0,140.0,218.0,177.0,221.0,216.0,200.0,78.0,206.0,78.0,194.0,79.0,211.0,78.0
104,202.0,82.0,202.0,92.0,187.0,91.0,170.0,80.0,153.0,65.0,218.0,91.0,235.0,75.0,253.0,62.0,194.0,140.0,182.0,176.0,171.0,213.0,214.0,140.0,217.0,177.0,221.0,216.0,199.0,79.0,205.0,78.0,193.0,80.0,210.0,79.0
105,199.0,83.0,201.0,91.0,186.0,91.0,170.0,80.0,152.0,65.0,216.0,90.0,234.0,75.0,253.0,62.0,193.0,140.0,181.0,177.0,171.0,213.0,213.0,140.0,216.0,178.0,221.0,216.0,196.0,79.0,202.0,79.0,191.0,80.0,207.0,79.0
106,198.0,83.0,201.0,93.0,185.0,92.0,169.0,81.0,151.0,64.0,215.0,91.0,232.0,75.0,252.0,62.0,192.0,140.0,180.0,177.0,171.0,213.0,211.0,141.0,215.0,178.0,221.0,216.0,194.0,80.0,201.0,79.0,190.0,82.0,206.0,80.0
107,196.0,83.0,200.0,91.0,184.0,91.0,168.0,81.0,151.0,64.0,214.0,90.0,231.0,76.0,251.0,62.0,191.0,141.0,179.0,177.0,172.0,213.0,210.0,141.0,215.0,177.0,221.0,215.0,193.0,80.0,200.0,79.0,189.0,81.0,205.0,79.0
108,195.0,82.0,199.0,92.0,183.0,91.0,167.0,80.0,150.0,64.0,213.0,91.0,230.0,77.0,249.0,63.0,190.0,140.0,179.0,177.0,171.0,213.0,209.0,140.0,214.0,178.0,220.0,215.0,193.0,79.0,199.0,79.0,189.0,81.0,204.0,79.0
109,196.0,82.0,197.0,92.0,183.0,91.0,167.0,80.0,150.0,64.0,212.0,92.0,228.0,78.0,248.0,63.0,189.0,141.0,178.0,178.0,171.0,213.0,208.0,141.0,214.0,178.0,220.0,215.0,193.0,79.0,199.0,78.0,189.0,81.0,204.0,79.0
110,195.0,83.0,196.0,91.0,182.0,91.0,166.0,80.0,149.0,64.0,211.0,91.0,228.0,78.0,247.0,62.0,188.0,140.0,178.0,177.0,171.0,213.0,207.0,140.0,213.0,178.0,219.0,215.0,192.0,80.0,199.0,79.0,188.0,81.0,203.0,79.0
111,195.0,84.0,195.0,91.0,181.0,90.0,166.0,80.0,149.0,64.0,211.0,90.0,228.0,77.0,247.0,62.0,187.0,140.0,177.0,177.0,171.0,213.0,206.0,139.0,213.0,176.0,219.0,215.0,192.0,80.0,198.0,80.0,187.0,81.0,202.0,79.0
112,193.0,84.0,195.0,91.0,181.0,91.0,165.0,80.0,149.0,64.0,211.0,89.0,228.0,76.0,247.0,61.0,187.0,140.0,177.0,178.0,171.0,213.0,206.0,139.0,213.0,176.0,219.0,216.0,191.0,80.0,197.0,80.0,185.0,81.0,202.0,79.0
113,193.0,84.0,194.0,91.0,180.0,91.0,165.0,80.0,148.0,63.0,211.0,89.0,228.0,76.0,247.0,61.0,187.0,140.0,177.0,178.0,171.0,213.0,206.0,139.0,212.0,176.0,219.0,216.0,191.0,80.0,196.0,79.0,185.0,80.0,201.0,79.0
114,193.0,84.0,194.0,91.0,180.0,91.0,164.0,80.0,148.0,63.0,211.0,89.0,228.0,76.0,247.0,62.0,187.0,140.0,177.0,178.0,172.0,213.0,206.0,140.0,212.0,176.0,219.0,215.0,191.0,80.0,196.0,79.0,185.0,80.0,201.0,79.0
115,193.0,84.0,194.0,90.0,180.0,90.0,164.0,80.0,147.0,63.0,210.0,89.0,228.0,76.0,247.0,62.0,187.0,140.0,177.0,178.0,172.0,213.0,206.0,140.0,212.0,176.0,219.0,216.0,190.0,80.0,196.0,79.0,184.0,80.0,201.0,79.0
116,193.0,84.0,194.0,90.0,180.0,90.0,164.0,81.0,148.0,64.0,210.0,89.0,228.0,76.0,246.0,62.0,187.0,140.0,177.0,178.0,172.0,213.0,206.0,139.0,212.0,176.0,219.0,216.0,190.0,80.0,196.0,79.0,184.0,80.0,201.0,79.0
117,193.0,84.0,194.0,90.0,180.0,90.0,164.0,81.0,148.0,64.0,210.0,89.0,228.0,76.0,247.0,62.0,187.0,140.0,177.0,178.0,172.0,213.0,206.0,139.0,212.0,176.0,219.0,216.0,190.0,80.0,196.0,79.0,184.0,80.0,201.0,79.0
118,193.0,84.0,194.0,90.0,180.0,90.0,164.0,80.0,148.0,64.0,210.0,89.0,228.0,76.0,246.0,61.0,187.0,140.0,177.0,178.0,172.0,213.0,206.0,139.0,212.0,176.0,219.0,216.0,190.0,80.0,196.0,79.0,184.0,80.0,201.0,79.0
119,193.0,84.0,194.0,90.0,180.0,90.0,165.0,81.0,148.0,64.0,210.0,89.0,228.0,76.0,246.0,61.0,187.0,140.0,178.0,177.0,172.0,213.0,206.0,139.0,212.0,176.0,219.0,216.0,190.0,80.0,196.0,79.0,184.0,80.0,201.0,79.0
120,193.0,84.0,194.0,90.0,180.0,90.0,164.0,81.0,147.0,64.0,210.0,88.0,227.0,76.0,246.0,61.0,187.0,140.0,178.0,177.0,172.0,213.0,206.0,139.0,213.0,176.0,219.0,215.0,190.0,80.0,196.0,80.0,184.0,80.0,201.0,79.0
121,193.0,84.0,194.0,90.0,180.0,90.0,165.0,81.0,148.0,64.0,210.0,89.0,227.0,76.0,246.0,61.0,187.0,140.0,178.0,177.0,172.0,213.0,206.0,139.0,212.0,176.0,219.0,215.0,190.0,80.0,196.0,79.0,184.0,80.0,201.0,79.0
122,193.0,84.0,194.0,90.0,180.0,90.0,165.0,81.0,148.0,64.0,210.0,89.0,227.0,76.0,246.0,61.0,187.0,140.0,178.0,177.0,172.0,213.0,206.0,139.0,213.0,176.0,219.0,215.0,190.0,80.0,196.0,79.0,184.0,80.0,201.0,79.0
123,192.0,84.0,194.0,90.0,180.0,90.0,164.0,81.0,147.0,64.0,210.0,89.0,227.0,76.0,246.0,61.0,187.0,140.0,178.0,177.0,172.0,213.0,206.0,139.0,213.0,176.0,219.0,215.0,190.0,80.0,196.0,80.0,184.0,80.0,201.0,79.0
124,193.0,84.0,194.0,90.0,179.0,90.0,163.0,81.0,147.0,64.0,210.0,88.0,227.0,75.0,246.0,61.0,187.0,140.0,178.0,177.0,172.0,213.0,206.0,139.0,213.0,177.0,219.0,215.0,190.0,80.0,196.0,79.0,184.0,80.0,201.0,79.0
125,192.0,83.0,194.0,90.0,179.0,90.0,163.0,81.0,147.0,64.0,209.0,89.0,226.0,75.0,245.0,61.0,187.0,140.0,178.0,177.0,172.0,213.0,206.0,139.0,213.0,177.0,219.0,215.0,189.0,79.0,195.0,79.0,183.0,80.0,201.0,79.0
126,192.0,83.0,194.0,90.0,179.0,90.0,163.0,80.0,147.0,64.0,209.0,89.0,226.0,75.0,245.0,61.0,187.0,140.0,178.0,177.0,172.0,213.0,206.0,139.0,212.0,176.0,219.0,215.0,189.0,79.0,195.0,79.0,183.0,81.0,201.0,79.0
127,190.0,83.0,194.0,90.0,179.0,90.0,163.0,80.0,147.0,64.0,209.0,89.0,226.0,75.0,245.0,61.0,187.0,140.0,178.0,177.0,172.0,213.0,206.0,139.0,212.0,177.0,219.0,215.0,187.0,80.0,194.0,79.0,182.0,81.0,200.0,79.0
128,190.0,83.0,193.0,91.0,179.0,90.0,163.0,80.0,147.0,64.0,209.0,89.0,226.0,75.0,245.0,61.0,187.0,140.0,178.0,177.0,172.0,213.0,205.0,139.0,212.0,176.0,219.0,215.0,187.0,79.0,193.0,79.0,182.0,81.0,200.0,79.0
129,0.0,0.0,0.0,0.0,0.0,0.0,0.0,0.0,0.0,0.0,0.0,0.0,0.0,0.0,0.0,0.0,0.0,0.0,0.0,0.0,0.0,0.0,0.0,0.0,0.0,0.0,0.0,0.0,0.0,0.0,0.0,0.0,0.0,0.0,0.0,0.0
130,0.0,0.0,0.0,0.0,0.0,0.0,0.0,0.0,0.0,0.0,0.0,0.0,0.0,0.0,0.0,0.0,0.0,0.0,0.0,0.0,0.0,0.0,0.0,0.0,0.0,0.0,0.0,0.0,0.0,0.0,0.0,0.0,0.0,0.0,0.0,0.0
131,0.0,0.0,0.0,0.0,0.0,0.0,0.0,0.0,0.0,0.0,0.0,0.0,0.0,0.0,0.0,0.0,0.0,0.0,0.0,0.0,0.0,0.0,0.0,0.0,0.0,0.0,0.0,0.0,0.0,0.0,0.0,0.0,0.0,0.0,0.0,0.0
132,0.0,0.0,0.0,0.0,0.0,0.0,0.0,0.0,0.0,0.0,0.0,0.0,0.0,0.0,0.0,0.0,0.0,0.0,0.0,0.0,0.0,0.0,0.0,0.0,0.0,0.0,0.0,0.0,0.0,0.0,0.0,0.0,0.0,0.0,0.0,0.0
133,0.0,0.0,0.0,0.0,0.0,0.0,0.0,0.0,0.0,0.0,0.0,0.0,0.0,0.0,0.0,0.0,0.0,0.0,0.0,0.0,0.0,0.0,0.0,0.0,0.0,0.0,0.0,0.0,0.0,0.0,0.0,0.0,0.0,0.0,0.0,0.0
134,0.0,0.0,0.0,0.0,0.0,0.0,0.0,0.0,0.0,0.0,0.0,0.0,0.0,0.0,0.0,0.0,0.0,0.0,0.0,0.0,0.0,0.0,0.0,0.0,0.0,0.0,0.0,0.0,0.0,0.0,0.0,0.0,0.0,0.0,0.0,0.0
135,0.0,0.0,0.0,0.0,0.0,0.0,0.0,0.0,0.0,0.0,0.0,0.0,0.0,0.0,0.0,0.0,0.0,0.0,0.0,0.0,0.0,0.0,0.0,0.0,0.0,0.0,0.0,0.0,0.0,0.0,0.0,0.0,0.0,0.0,0.0,0.0
136,0.0,0.0,0.0,0.0,0.0,0.0,0.0,0.0,0.0,0.0,0.0,0.0,0.0,0.0,0.0,0.0,0.0,0.0,0.0,0.0,0.0,0.0,0.0,0.0,0.0,0.0,0.0,0.0,0.0,0.0,0.0,0.0,0.0,0.0,0.0,0.0
137,0.0,0.0,0.0,0.0,0.0,0.0,0.0,0.0,0.0,0.0,0.0,0.0,0.0,0.0,0.0,0.0,0.0,0.0,0.0,0.0,0.0,0.0,0.0,0.0,0.0,0.0,0.0,0.0,0.0,0.0,0.0,0.0,0.0,0.0,0.0,0.0
138,0.0,0.0,0.0,0.0,0.0,0.0,0.0,0.0,0.0,0.0,0.0,0.0,0.0,0.0,0.0,0.0,0.0,0.0,0.0,0.0,0.0,0.0,0.0,0.0,0.0,0.0,0.0,0.0,0.0,0.0,0.0,0.0,0.0,0.0,0.0,0.0
139,0.0,0.0,0.0,0.0,0.0,0.0,0.0,0.0,0.0,0.0,0.0,0.0,0.0,0.0,0.0,0.0,0.0,0.0,0.0,0.0,0.0,0.0,0.0,0.0,0.0,0.0,0.0,0.0,0.0,0.0,0.0,0.0,0.0,0.0,0.0,0.0
140,186.0,84.0,195.0,89.0,180.0,89.0,163.0,79.0,147.0,63.0,210.0,88.0,228.0,74.0,227.0,75.0,246.0,61.0,187.0,139.0,178.0,174.0,172.0,213.0,206.0,139.0,212.0,175.0,220.0,213.0,184.0,80.0,191.0,80.0,199.0,80.0
141,0.0,0.0,0.0,0.0,0.0,0.0,0.0,0.0,0.0,0.0,0.0,0.0,0.0,0.0,0.0,0.0,0.0,0.0,0.0,0.0,0.0,0.0,0.0,0.0,0.0,0.0,0.0,0.0,0.0,0.0,0.0,0.0,0.0,0.0,0.0,0.0
142,0.0,0.0,0.0,0.0,0.0,0.0,0.0,0.0,0.0,0.0,0.0,0.0,0.0,0.0,0.0,0.0,0.0,0.0,0.0,0.0,0.0,0.0,0.0,0.0,0.0,0.0,0.0,0.0,0.0,0.0,0.0,0.0,0.0,0.0,0.0,0.0
143,0.0,0.0,0.0,0.0,0.0,0.0,0.0,0.0,0.0,0.0,0.0,0.0,0.0,0.0,0.0,0.0,0.0,0.0,0.0,0.0,0.0,0.0,0.0,0.0,0.0,0.0,0.0,0.0,0.0,0.0,0.0,0.0,0.0,0.0,0.0,0.0
144,0.0,0.0,0.0,0.0,0.0,0.0,0.0,0.0,0.0,0.0,0.0,0.0,0.0,0.0,0.0,0.0,0.0,0.0,0.0,0.0,0.0,0.0,0.0,0.0,0.0,0.0,0.0,0.0,0.0,0.0,0.0,0.0,0.0,0.0,0.0,0.0
145,0.0,0.0,0.0,0.0,0.0,0.0,0.0,0.0,0.0,0.0,0.0,0.0,0.0,0.0,0.0,0.0,0.0,0.0,0.0,0.0,0.0,0.0,0.0,0.0,0.0,0.0,0.0,0.0,0.0,0.0,0.0,0.0,0.0,0.0,0.0,0.0
146,190.0,84.0,196.0,90.0,181.0,89.0,166.0,81.0,149.0,64.0,211.0,88.0,230.0,75.0,247.0,62.0,188.0,139.0,179.0,174.0,173.0,212.0,207.0,138.0,213.0,175.0,221.0,214.0,189.0,80.0,194.0,80.0,186.0,80.0,202.0,80.0
147,0.0,0.0,0.0,0.0,0.0,0.0,0.0,0.0,0.0,0.0,0.0,0.0,0.0,0.0,0.0,0.0,0.0,0.0,0.0,0.0,0.0,0.0,0.0,0.0,0.0,0.0,0.0,0.0,0.0,0.0,0.0,0.0,0.0,0.0,0.0,0.0
148,192.0,85.0,197.0,91.0,182.0,91.0,167.0,82.0,150.0,64.0,212.0,90.0,229.0,77.0,248.0,62.0,189.0,140.0,180.0,175.0,172.0,212.0,207.0,139.0,214.0,176.0,221.0,214.0,190.0,81.0,196.0,81.0,188.0,81.0,203.0,81.0
149,193.0,85.0,197.0,93.0,183.0,92.0,167.0,81.0,150.0,64.0,212.0,92.0,230.0,78.0,249.0,63.0,190.0,140.0,180.0,175.0,172.0,212.0,208.0,140.0,214.0,176.0,221.0,213.0,191.0,81.0,197.0,81.0,189.0,81.0,203.0,82.0
